DATAFLOW,LAST UPDATE,freq,age,unit,n_lang,isced11,geo,TIME_PERIOD,OBS_VALUE,OBS_FLAG,CONF_STATUS
ESTAT:EDUC_UOE_LANG02$DEFAULTVIEW(1.0),09/04/25 23:00:00,Annual,Total,Number,Corresponding (total) number of students enrolled,Primary and secondary education (levels 1-3),Austria,2014,973940.3,,
ESTAT:EDUC_UOE_LANG02$DEFAULTVIEW(1.0),09/04/25 23:00:00,Annual,Total,Number,Corresponding (total) number of students enrolled,Primary and secondary education (levels 1-3),Austria,2015,971297.7,,
ESTAT:EDUC_UOE_LANG02$DEFAULTVIEW(1.0),09/04/25 23:00:00,Annual,Total,Number,Corresponding (total) number of students enrolled,Primary and secondary education (levels 1-3),Austria,2016,943650.0,,
ESTAT:EDUC_UOE_LANG02$DEFAULTVIEW(1.0),09/04/25 23:00:00,Annual,Total,Number,Corresponding (total) number of students enrolled,Primary and secondary education (levels 1-3),Austria,2017,950183.6,,
ESTAT:EDUC_UOE_LANG02$DEFAULTVIEW(1.0),09/04/25 23:00:00,Annual,Total,Number,Corresponding (total) number of students enrolled,Primary and secondary education (levels 1-3),Austria,2018,957232.8,,
ESTAT:EDUC_UOE_LANG02$DEFAULTVIEW(1.0),09/04/25 23:00:00,Annual,Total,Number,Corresponding (total) number of students enrolled,Primary and secondary education (levels 1-3),Austria,2019,966415.0,,
ESTAT:EDUC_UOE_LANG02$DEFAULTVIEW(1.0),09/04/25 23:00:00,Annual,Total,Number,Corresponding (total) number of students enrolled,Primary and secondary education (levels 1-3),Austria,2020,969722.0,,
ESTAT:EDUC_UOE_LANG02$DEFAULTVIEW(1.0),09/04/25 23:00:00,Annual,Total,Number,Corresponding (total) number of students enrolled,Primary and secondary education (levels 1-3),Austria,2021,982653.0,,
ESTAT:EDUC_UOE_LANG02$DEFAULTVIEW(1.0),09/04/25 23:00:00,Annual,Total,Number,Corresponding (total) number of students enrolled,Primary and secondary education (levels 1-3),Austria,2022,981639.0,,
ESTAT:EDUC_UOE_LANG02$DEFAULTVIEW(1.0),09/04/25 23:00:00,Annual,Total,Number,Corresponding (total) number of students enrolled,Primary and secondary education (levels 1-3),Austria,2023,1010004.0,,
ESTAT:EDUC_UOE_LANG02$DEFAULTVIEW(1.0),09/04/25 23:00:00,Annual,Total,Number,Corresponding (total) number of students enrolled,Primary and secondary education (levels 1-3),Bosnia and Herzegovina,2020,386852.0,,
ESTAT:EDUC_UOE_LANG02$DEFAULTVIEW(1.0),09/04/25 23:00:00,Annual,Total,Number,Corresponding (total) number of students enrolled,Primary and secondary education (levels 1-3),Bosnia and Herzegovina,2022,373059.0,,
ESTAT:EDUC_UOE_LANG02$DEFAULTVIEW(1.0),09/04/25 23:00:00,Annual,Total,Number,Corresponding (total) number of students enrolled,Primary and secondary education (levels 1-3),Bosnia and Herzegovina,2023,368273.0,,
ESTAT:EDUC_UOE_LANG02$DEFAULTVIEW(1.0),09/04/25 23:00:00,Annual,Total,Number,Corresponding (total) number of students enrolled,Primary and secondary education (levels 1-3),Belgium,2014,1470804.0,,
ESTAT:EDUC_UOE_LANG02$DEFAULTVIEW(1.0),09/04/25 23:00:00,Annual,Total,Number,Corresponding (total) number of students enrolled,Primary and secondary education (levels 1-3),Belgium,2015,1503330.0,,
ESTAT:EDUC_UOE_LANG02$DEFAULTVIEW(1.0),09/04/25 23:00:00,Annual,Total,Number,Corresponding (total) number of students enrolled,Primary and secondary education (levels 1-3),Belgium,2016,1494023.0,,
ESTAT:EDUC_UOE_LANG02$DEFAULTVIEW(1.0),09/04/25 23:00:00,Annual,Total,Number,Corresponding (total) number of students enrolled,Primary and secondary education (levels 1-3),Belgium,2017,1527955.0,,
ESTAT:EDUC_UOE_LANG02$DEFAULTVIEW(1.0),09/04/25 23:00:00,Annual,Total,Number,Corresponding (total) number of students enrolled,Primary and secondary education (levels 1-3),Belgium,2018,1519549.0,,
ESTAT:EDUC_UOE_LANG02$DEFAULTVIEW(1.0),09/04/25 23:00:00,Annual,Total,Number,Corresponding (total) number of students enrolled,Primary and secondary education (levels 1-3),Belgium,2019,1561797.0,,
ESTAT:EDUC_UOE_LANG02$DEFAULTVIEW(1.0),09/04/25 23:00:00,Annual,Total,Number,Corresponding (total) number of students enrolled,Primary and secondary education (levels 1-3),Belgium,2020,1094300.0,bd,
ESTAT:EDUC_UOE_LANG02$DEFAULTVIEW(1.0),09/04/25 23:00:00,Annual,Total,Number,Corresponding (total) number of students enrolled,Primary and secondary education (levels 1-3),Belgium,2021,1107889.0,,
ESTAT:EDUC_UOE_LANG02$DEFAULTVIEW(1.0),09/04/25 23:00:00,Annual,Total,Number,Corresponding (total) number of students enrolled,Primary and secondary education (levels 1-3),Belgium,2022,1107700.0,,
ESTAT:EDUC_UOE_LANG02$DEFAULTVIEW(1.0),09/04/25 23:00:00,Annual,Total,Number,Corresponding (total) number of students enrolled,Primary and secondary education (levels 1-3),Belgium,2023,1126357.0,,
ESTAT:EDUC_UOE_LANG02$DEFAULTVIEW(1.0),09/04/25 23:00:00,Annual,Total,Number,Corresponding (total) number of students enrolled,Primary and secondary education (levels 1-3),French Community in Belgium including small German-speaking Community,2014,650069.0,,
ESTAT:EDUC_UOE_LANG02$DEFAULTVIEW(1.0),09/04/25 23:00:00,Annual,Total,Number,Corresponding (total) number of students enrolled,Primary and secondary education (levels 1-3),French Community in Belgium including small German-speaking Community,2015,655946.0,,
ESTAT:EDUC_UOE_LANG02$DEFAULTVIEW(1.0),09/04/25 23:00:00,Annual,Total,Number,Corresponding (total) number of students enrolled,Primary and secondary education (levels 1-3),French Community in Belgium including small German-speaking Community,2016,662873.0,,
ESTAT:EDUC_UOE_LANG02$DEFAULTVIEW(1.0),09/04/25 23:00:00,Annual,Total,Number,Corresponding (total) number of students enrolled,Primary and secondary education (levels 1-3),French Community in Belgium including small German-speaking Community,2017,674486.0,,
ESTAT:EDUC_UOE_LANG02$DEFAULTVIEW(1.0),09/04/25 23:00:00,Annual,Total,Number,Corresponding (total) number of students enrolled,Primary and secondary education (levels 1-3),French Community in Belgium including small German-speaking Community,2018,675192.0,,
ESTAT:EDUC_UOE_LANG02$DEFAULTVIEW(1.0),09/04/25 23:00:00,Annual,Total,Number,Corresponding (total) number of students enrolled,Primary and secondary education (levels 1-3),French Community in Belgium including small German-speaking Community,2019,674240.0,,
ESTAT:EDUC_UOE_LANG02$DEFAULTVIEW(1.0),09/04/25 23:00:00,Annual,Total,Number,Corresponding (total) number of students enrolled,Primary and secondary education (levels 1-3),French Community in Belgium including small German-speaking Community,2020,667401.0,,
ESTAT:EDUC_UOE_LANG02$DEFAULTVIEW(1.0),09/04/25 23:00:00,Annual,Total,Number,Corresponding (total) number of students enrolled,Primary and secondary education (levels 1-3),French Community in Belgium including small German-speaking Community,2021,669908.0,,
ESTAT:EDUC_UOE_LANG02$DEFAULTVIEW(1.0),09/04/25 23:00:00,Annual,Total,Number,Corresponding (total) number of students enrolled,Primary and secondary education (levels 1-3),French Community in Belgium including small German-speaking Community,2022,663411.0,,
ESTAT:EDUC_UOE_LANG02$DEFAULTVIEW(1.0),09/04/25 23:00:00,Annual,Total,Number,Corresponding (total) number of students enrolled,Primary and secondary education (levels 1-3),French Community in Belgium including small German-speaking Community,2023,674812.0,,
ESTAT:EDUC_UOE_LANG02$DEFAULTVIEW(1.0),09/04/25 23:00:00,Annual,Total,Number,Corresponding (total) number of students enrolled,Primary and secondary education (levels 1-3),Flemish Community in Belgium,2014,814865.0,,
ESTAT:EDUC_UOE_LANG02$DEFAULTVIEW(1.0),09/04/25 23:00:00,Annual,Total,Number,Corresponding (total) number of students enrolled,Primary and secondary education (levels 1-3),Flemish Community in Belgium,2015,847384.0,,
ESTAT:EDUC_UOE_LANG02$DEFAULTVIEW(1.0),09/04/25 23:00:00,Annual,Total,Number,Corresponding (total) number of students enrolled,Primary and secondary education (levels 1-3),Flemish Community in Belgium,2016,837429.0,,
ESTAT:EDUC_UOE_LANG02$DEFAULTVIEW(1.0),09/04/25 23:00:00,Annual,Total,Number,Corresponding (total) number of students enrolled,Primary and secondary education (levels 1-3),Flemish Community in Belgium,2017,853469.0,,
ESTAT:EDUC_UOE_LANG02$DEFAULTVIEW(1.0),09/04/25 23:00:00,Annual,Total,Number,Corresponding (total) number of students enrolled,Primary and secondary education (levels 1-3),Flemish Community in Belgium,2018,844357.0,,
ESTAT:EDUC_UOE_LANG02$DEFAULTVIEW(1.0),09/04/25 23:00:00,Annual,Total,Number,Corresponding (total) number of students enrolled,Primary and secondary education (levels 1-3),Flemish Community in Belgium,2019,887557.0,,
ESTAT:EDUC_UOE_LANG02$DEFAULTVIEW(1.0),09/04/25 23:00:00,Annual,Total,Number,Corresponding (total) number of students enrolled,Primary and secondary education (levels 1-3),Bulgaria,2014,745158.0,,
ESTAT:EDUC_UOE_LANG02$DEFAULTVIEW(1.0),09/04/25 23:00:00,Annual,Total,Number,Corresponding (total) number of students enrolled,Primary and secondary education (levels 1-3),Bulgaria,2015,743898.0,,
ESTAT:EDUC_UOE_LANG02$DEFAULTVIEW(1.0),09/04/25 23:00:00,Annual,Total,Number,Corresponding (total) number of students enrolled,Primary and secondary education (levels 1-3),Bulgaria,2016,736547.0,,
ESTAT:EDUC_UOE_LANG02$DEFAULTVIEW(1.0),09/04/25 23:00:00,Annual,Total,Number,Corresponding (total) number of students enrolled,Primary and secondary education (levels 1-3),Bulgaria,2017,735904.0,,
ESTAT:EDUC_UOE_LANG02$DEFAULTVIEW(1.0),09/04/25 23:00:00,Annual,Total,Number,Corresponding (total) number of students enrolled,Primary and secondary education (levels 1-3),Bulgaria,2018,728810.0,,
ESTAT:EDUC_UOE_LANG02$DEFAULTVIEW(1.0),09/04/25 23:00:00,Annual,Total,Number,Corresponding (total) number of students enrolled,Primary and secondary education (levels 1-3),Bulgaria,2019,716666.0,,
ESTAT:EDUC_UOE_LANG02$DEFAULTVIEW(1.0),09/04/25 23:00:00,Annual,Total,Number,Corresponding (total) number of students enrolled,Primary and secondary education (levels 1-3),Bulgaria,2020,706963.0,,
ESTAT:EDUC_UOE_LANG02$DEFAULTVIEW(1.0),09/04/25 23:00:00,Annual,Total,Number,Corresponding (total) number of students enrolled,Primary and secondary education (levels 1-3),Bulgaria,2021,703149.0,,
ESTAT:EDUC_UOE_LANG02$DEFAULTVIEW(1.0),09/04/25 23:00:00,Annual,Total,Number,Corresponding (total) number of students enrolled,Primary and secondary education (levels 1-3),Bulgaria,2022,707999.0,,
ESTAT:EDUC_UOE_LANG02$DEFAULTVIEW(1.0),09/04/25 23:00:00,Annual,Total,Number,Corresponding (total) number of students enrolled,Primary and secondary education (levels 1-3),Bulgaria,2023,709287.0,,
ESTAT:EDUC_UOE_LANG02$DEFAULTVIEW(1.0),09/04/25 23:00:00,Annual,Total,Number,Corresponding (total) number of students enrolled,Primary and secondary education (levels 1-3),Cyprus,2014,111424.0,,
ESTAT:EDUC_UOE_LANG02$DEFAULTVIEW(1.0),09/04/25 23:00:00,Annual,Total,Number,Corresponding (total) number of students enrolled,Primary and secondary education (levels 1-3),Cyprus,2015,110587.0,,
ESTAT:EDUC_UOE_LANG02$DEFAULTVIEW(1.0),09/04/25 23:00:00,Annual,Total,Number,Corresponding (total) number of students enrolled,Primary and secondary education (levels 1-3),Cyprus,2016,109998.0,,
ESTAT:EDUC_UOE_LANG02$DEFAULTVIEW(1.0),09/04/25 23:00:00,Annual,Total,Number,Corresponding (total) number of students enrolled,Primary and secondary education (levels 1-3),Cyprus,2017,110694.0,,
ESTAT:EDUC_UOE_LANG02$DEFAULTVIEW(1.0),09/04/25 23:00:00,Annual,Total,Number,Corresponding (total) number of students enrolled,Primary and secondary education (levels 1-3),Cyprus,2018,111665.0,,
ESTAT:EDUC_UOE_LANG02$DEFAULTVIEW(1.0),09/04/25 23:00:00,Annual,Total,Number,Corresponding (total) number of students enrolled,Primary and secondary education (levels 1-3),Cyprus,2019,113559.0,,
ESTAT:EDUC_UOE_LANG02$DEFAULTVIEW(1.0),09/04/25 23:00:00,Annual,Total,Number,Corresponding (total) number of students enrolled,Primary and secondary education (levels 1-3),Cyprus,2020,114513.0,,
ESTAT:EDUC_UOE_LANG02$DEFAULTVIEW(1.0),09/04/25 23:00:00,Annual,Total,Number,Corresponding (total) number of students enrolled,Primary and secondary education (levels 1-3),Cyprus,2021,115257.0,,
ESTAT:EDUC_UOE_LANG02$DEFAULTVIEW(1.0),09/04/25 23:00:00,Annual,Total,Number,Corresponding (total) number of students enrolled,Primary and secondary education (levels 1-3),Cyprus,2022,115539.0,,
ESTAT:EDUC_UOE_LANG02$DEFAULTVIEW(1.0),09/04/25 23:00:00,Annual,Total,Number,Corresponding (total) number of students enrolled,Primary and secondary education (levels 1-3),Cyprus,2023,118598.0,,
ESTAT:EDUC_UOE_LANG02$DEFAULTVIEW(1.0),09/04/25 23:00:00,Annual,Total,Number,Corresponding (total) number of students enrolled,Primary and secondary education (levels 1-3),Czechia,2014,1292005.0,,
ESTAT:EDUC_UOE_LANG02$DEFAULTVIEW(1.0),09/04/25 23:00:00,Annual,Total,Number,Corresponding (total) number of students enrolled,Primary and secondary education (levels 1-3),Czechia,2015,1301138.0,,
ESTAT:EDUC_UOE_LANG02$DEFAULTVIEW(1.0),09/04/25 23:00:00,Annual,Total,Number,Corresponding (total) number of students enrolled,Primary and secondary education (levels 1-3),Czechia,2016,1319978.0,,
ESTAT:EDUC_UOE_LANG02$DEFAULTVIEW(1.0),09/04/25 23:00:00,Annual,Total,Number,Corresponding (total) number of students enrolled,Primary and secondary education (levels 1-3),Czechia,2017,1344481.0,,
ESTAT:EDUC_UOE_LANG02$DEFAULTVIEW(1.0),09/04/25 23:00:00,Annual,Total,Number,Corresponding (total) number of students enrolled,Primary and secondary education (levels 1-3),Czechia,2018,1362333.0,,
ESTAT:EDUC_UOE_LANG02$DEFAULTVIEW(1.0),09/04/25 23:00:00,Annual,Total,Number,Corresponding (total) number of students enrolled,Primary and secondary education (levels 1-3),Czechia,2019,1377406.0,,
ESTAT:EDUC_UOE_LANG02$DEFAULTVIEW(1.0),09/04/25 23:00:00,Annual,Total,Number,Corresponding (total) number of students enrolled,Primary and secondary education (levels 1-3),Czechia,2020,1393298.0,,
ESTAT:EDUC_UOE_LANG02$DEFAULTVIEW(1.0),09/04/25 23:00:00,Annual,Total,Number,Corresponding (total) number of students enrolled,Primary and secondary education (levels 1-3),Czechia,2021,1412098.0,,
ESTAT:EDUC_UOE_LANG02$DEFAULTVIEW(1.0),09/04/25 23:00:00,Annual,Total,Number,Corresponding (total) number of students enrolled,Primary and secondary education (levels 1-3),Czechia,2022,1430782.0,,
ESTAT:EDUC_UOE_LANG02$DEFAULTVIEW(1.0),09/04/25 23:00:00,Annual,Total,Number,Corresponding (total) number of students enrolled,Primary and secondary education (levels 1-3),Czechia,2023,1494598.0,,
ESTAT:EDUC_UOE_LANG02$DEFAULTVIEW(1.0),09/04/25 23:00:00,Annual,Total,Number,Corresponding (total) number of students enrolled,Primary and secondary education (levels 1-3),Germany,2014,10063762.1,,
ESTAT:EDUC_UOE_LANG02$DEFAULTVIEW(1.0),09/04/25 23:00:00,Annual,Total,Number,Corresponding (total) number of students enrolled,Primary and secondary education (levels 1-3),Germany,2015,9992343.3,,
ESTAT:EDUC_UOE_LANG02$DEFAULTVIEW(1.0),09/04/25 23:00:00,Annual,Total,Number,Corresponding (total) number of students enrolled,Primary and secondary education (levels 1-3),Germany,2016,9968358.8,,
ESTAT:EDUC_UOE_LANG02$DEFAULTVIEW(1.0),09/04/25 23:00:00,Annual,Total,Number,Corresponding (total) number of students enrolled,Primary and secondary education (levels 1-3),Germany,2017,9983487.6,,
ESTAT:EDUC_UOE_LANG02$DEFAULTVIEW(1.0),09/04/25 23:00:00,Annual,Total,Number,Corresponding (total) number of students enrolled,Primary and secondary education (levels 1-3),Germany,2018,9935909.4,,
ESTAT:EDUC_UOE_LANG02$DEFAULTVIEW(1.0),09/04/25 23:00:00,Annual,Total,Number,Corresponding (total) number of students enrolled,Primary and secondary education (levels 1-3),Germany,2019,9920401.8,,
ESTAT:EDUC_UOE_LANG02$DEFAULTVIEW(1.0),09/04/25 23:00:00,Annual,Total,Number,Corresponding (total) number of students enrolled,Primary and secondary education (levels 1-3),Germany,2020,9891346.3,,
ESTAT:EDUC_UOE_LANG02$DEFAULTVIEW(1.0),09/04/25 23:00:00,Annual,Total,Number,Corresponding (total) number of students enrolled,Primary and secondary education (levels 1-3),Germany,2021,9889940.8,,
ESTAT:EDUC_UOE_LANG02$DEFAULTVIEW(1.0),09/04/25 23:00:00,Annual,Total,Number,Corresponding (total) number of students enrolled,Primary and secondary education (levels 1-3),Germany,2022,9906788.5,,
ESTAT:EDUC_UOE_LANG02$DEFAULTVIEW(1.0),09/04/25 23:00:00,Annual,Total,Number,Corresponding (total) number of students enrolled,Primary and secondary education (levels 1-3),Germany,2023,10140570.1,,
ESTAT:EDUC_UOE_LANG02$DEFAULTVIEW(1.0),09/04/25 23:00:00,Annual,Total,Number,Corresponding (total) number of students enrolled,Primary and secondary education (levels 1-3),Denmark,2014,1021275.0,,
ESTAT:EDUC_UOE_LANG02$DEFAULTVIEW(1.0),09/04/25 23:00:00,Annual,Total,Number,Corresponding (total) number of students enrolled,Primary and secondary education (levels 1-3),Denmark,2015,1021275.0,,
ESTAT:EDUC_UOE_LANG02$DEFAULTVIEW(1.0),09/04/25 23:00:00,Annual,Total,Number,Corresponding (total) number of students enrolled,Primary and secondary education (levels 1-3),Denmark,2016,1015409.0,,
ESTAT:EDUC_UOE_LANG02$DEFAULTVIEW(1.0),09/04/25 23:00:00,Annual,Total,Number,Corresponding (total) number of students enrolled,Primary and secondary education (levels 1-3),Denmark,2017,1006603.0,,
ESTAT:EDUC_UOE_LANG02$DEFAULTVIEW(1.0),09/04/25 23:00:00,Annual,Total,Number,Corresponding (total) number of students enrolled,Primary and secondary education (levels 1-3),Denmark,2018,999609.0,,
ESTAT:EDUC_UOE_LANG02$DEFAULTVIEW(1.0),09/04/25 23:00:00,Annual,Total,Number,Corresponding (total) number of students enrolled,Primary and secondary education (levels 1-3),Denmark,2019,989841.0,,
ESTAT:EDUC_UOE_LANG02$DEFAULTVIEW(1.0),09/04/25 23:00:00,Annual,Total,Number,Corresponding (total) number of students enrolled,Primary and secondary education (levels 1-3),Denmark,2020,982259.0,,
ESTAT:EDUC_UOE_LANG02$DEFAULTVIEW(1.0),09/04/25 23:00:00,Annual,Total,Number,Corresponding (total) number of students enrolled,Primary and secondary education (levels 1-3),Denmark,2021,982233.0,,
ESTAT:EDUC_UOE_LANG02$DEFAULTVIEW(1.0),09/04/25 23:00:00,Annual,Total,Number,Corresponding (total) number of students enrolled,Primary and secondary education (levels 1-3),Denmark,2022,972002.0,,
ESTAT:EDUC_UOE_LANG02$DEFAULTVIEW(1.0),09/04/25 23:00:00,Annual,Total,Number,Corresponding (total) number of students enrolled,Primary and secondary education (levels 1-3),Denmark,2023,963211.0,,
ESTAT:EDUC_UOE_LANG02$DEFAULTVIEW(1.0),09/04/25 23:00:00,Annual,Total,Number,Corresponding (total) number of students enrolled,Primary and secondary education (levels 1-3),Estonia,2014,151697.0,,
ESTAT:EDUC_UOE_LANG02$DEFAULTVIEW(1.0),09/04/25 23:00:00,Annual,Total,Number,Corresponding (total) number of students enrolled,Primary and secondary education (levels 1-3),Estonia,2015,154227.0,d,
ESTAT:EDUC_UOE_LANG02$DEFAULTVIEW(1.0),09/04/25 23:00:00,Annual,Total,Number,Corresponding (total) number of students enrolled,Primary and secondary education (levels 1-3),Estonia,2016,159883.0,,
ESTAT:EDUC_UOE_LANG02$DEFAULTVIEW(1.0),09/04/25 23:00:00,Annual,Total,Number,Corresponding (total) number of students enrolled,Primary and secondary education (levels 1-3),Estonia,2017,164816.0,,
ESTAT:EDUC_UOE_LANG02$DEFAULTVIEW(1.0),09/04/25 23:00:00,Annual,Total,Number,Corresponding (total) number of students enrolled,Primary and secondary education (levels 1-3),Estonia,2018,169061.0,,
ESTAT:EDUC_UOE_LANG02$DEFAULTVIEW(1.0),09/04/25 23:00:00,Annual,Total,Number,Corresponding (total) number of students enrolled,Primary and secondary education (levels 1-3),Estonia,2019,172503.0,,
ESTAT:EDUC_UOE_LANG02$DEFAULTVIEW(1.0),09/04/25 23:00:00,Annual,Total,Number,Corresponding (total) number of students enrolled,Primary and secondary education (levels 1-3),Estonia,2020,175107.0,,
ESTAT:EDUC_UOE_LANG02$DEFAULTVIEW(1.0),09/04/25 23:00:00,Annual,Total,Number,Corresponding (total) number of students enrolled,Primary and secondary education (levels 1-3),Estonia,2021,178419.0,,
ESTAT:EDUC_UOE_LANG02$DEFAULTVIEW(1.0),09/04/25 23:00:00,Annual,Total,Number,Corresponding (total) number of students enrolled,Primary and secondary education (levels 1-3),Estonia,2022,180283.0,,
ESTAT:EDUC_UOE_LANG02$DEFAULTVIEW(1.0),09/04/25 23:00:00,Annual,Total,Number,Corresponding (total) number of students enrolled,Primary and secondary education (levels 1-3),Estonia,2023,186035.1,,
ESTAT:EDUC_UOE_LANG02$DEFAULTVIEW(1.0),09/04/25 23:00:00,Annual,Total,Number,Corresponding (total) number of students enrolled,Primary and secondary education (levels 1-3),Greece,2014,1283579.0,,
ESTAT:EDUC_UOE_LANG02$DEFAULTVIEW(1.0),09/04/25 23:00:00,Annual,Total,Number,Corresponding (total) number of students enrolled,Primary and secondary education (levels 1-3),Greece,2015,1254660.0,d,
ESTAT:EDUC_UOE_LANG02$DEFAULTVIEW(1.0),09/04/25 23:00:00,Annual,Total,Number,Corresponding (total) number of students enrolled,Primary and secondary education (levels 1-3),Greece,2016,1288355.0,,
ESTAT:EDUC_UOE_LANG02$DEFAULTVIEW(1.0),09/04/25 23:00:00,Annual,Total,Number,Corresponding (total) number of students enrolled,Primary and secondary education (levels 1-3),Greece,2017,1267220.0,,
ESTAT:EDUC_UOE_LANG02$DEFAULTVIEW(1.0),09/04/25 23:00:00,Annual,Total,Number,Corresponding (total) number of students enrolled,Primary and secondary education (levels 1-3),Greece,2018,1301078.0,,
ESTAT:EDUC_UOE_LANG02$DEFAULTVIEW(1.0),09/04/25 23:00:00,Annual,Total,Number,Corresponding (total) number of students enrolled,Primary and secondary education (levels 1-3),Greece,2019,1314379.0,,
ESTAT:EDUC_UOE_LANG02$DEFAULTVIEW(1.0),09/04/25 23:00:00,Annual,Total,Number,Corresponding (total) number of students enrolled,Primary and secondary education (levels 1-3),Greece,2020,1292706.0,,
ESTAT:EDUC_UOE_LANG02$DEFAULTVIEW(1.0),09/04/25 23:00:00,Annual,Total,Number,Corresponding (total) number of students enrolled,Primary and secondary education (levels 1-3),Greece,2021,1288768.0,,
ESTAT:EDUC_UOE_LANG02$DEFAULTVIEW(1.0),09/04/25 23:00:00,Annual,Total,Number,Corresponding (total) number of students enrolled,Primary and secondary education (levels 1-3),Greece,2022,1267723.0,,
ESTAT:EDUC_UOE_LANG02$DEFAULTVIEW(1.0),09/04/25 23:00:00,Annual,Total,Number,Corresponding (total) number of students enrolled,Primary and secondary education (levels 1-3),Greece,2023,1254296.0,,
ESTAT:EDUC_UOE_LANG02$DEFAULTVIEW(1.0),09/04/25 23:00:00,Annual,Total,Number,Corresponding (total) number of students enrolled,Primary and secondary education (levels 1-3),Spain,2014,5622364.0,,
ESTAT:EDUC_UOE_LANG02$DEFAULTVIEW(1.0),09/04/25 23:00:00,Annual,Total,Number,Corresponding (total) number of students enrolled,Primary and secondary education (levels 1-3),Spain,2015,5695715.0,,
ESTAT:EDUC_UOE_LANG02$DEFAULTVIEW(1.0),09/04/25 23:00:00,Annual,Total,Number,Corresponding (total) number of students enrolled,Primary and secondary education (levels 1-3),Spain,2016,5784783.0,,
ESTAT:EDUC_UOE_LANG02$DEFAULTVIEW(1.0),09/04/25 23:00:00,Annual,Total,Number,Corresponding (total) number of students enrolled,Primary and secondary education (levels 1-3),Spain,2017,5821080.0,,
ESTAT:EDUC_UOE_LANG02$DEFAULTVIEW(1.0),09/04/25 23:00:00,Annual,Total,Number,Corresponding (total) number of students enrolled,Primary and secondary education (levels 1-3),Spain,2018,5903352.0,,
ESTAT:EDUC_UOE_LANG02$DEFAULTVIEW(1.0),09/04/25 23:00:00,Annual,Total,Number,Corresponding (total) number of students enrolled,Primary and secondary education (levels 1-3),Spain,2019,5940513.0,,
ESTAT:EDUC_UOE_LANG02$DEFAULTVIEW(1.0),09/04/25 23:00:00,Annual,Total,Number,Corresponding (total) number of students enrolled,Primary and secondary education (levels 1-3),Spain,2020,5973184.0,,
ESTAT:EDUC_UOE_LANG02$DEFAULTVIEW(1.0),09/04/25 23:00:00,Annual,Total,Number,Corresponding (total) number of students enrolled,Primary and secondary education (levels 1-3),Spain,2021,5976302.0,,
ESTAT:EDUC_UOE_LANG02$DEFAULTVIEW(1.0),09/04/25 23:00:00,Annual,Total,Number,Corresponding (total) number of students enrolled,Primary and secondary education (levels 1-3),Spain,2022,5953608.0,,
ESTAT:EDUC_UOE_LANG02$DEFAULTVIEW(1.0),09/04/25 23:00:00,Annual,Total,Number,Corresponding (total) number of students enrolled,Primary and secondary education (levels 1-3),Spain,2023,5989899.0,,
ESTAT:EDUC_UOE_LANG02$DEFAULTVIEW(1.0),09/04/25 23:00:00,Annual,Total,Number,Corresponding (total) number of students enrolled,Primary and secondary education (levels 1-3),European Union - 27 countries (from 2020),2014,55241787.4,d,
ESTAT:EDUC_UOE_LANG02$DEFAULTVIEW(1.0),09/04/25 23:00:00,Annual,Total,Number,Corresponding (total) number of students enrolled,Primary and secondary education (levels 1-3),European Union - 27 countries (from 2020),2015,55477619.0,d,
ESTAT:EDUC_UOE_LANG02$DEFAULTVIEW(1.0),09/04/25 23:00:00,Annual,Total,Number,Corresponding (total) number of students enrolled,Primary and secondary education (levels 1-3),European Union - 27 countries (from 2020),2016,55530942.8,d,
ESTAT:EDUC_UOE_LANG02$DEFAULTVIEW(1.0),09/04/25 23:00:00,Annual,Total,Number,Corresponding (total) number of students enrolled,Primary and secondary education (levels 1-3),European Union - 27 countries (from 2020),2017,56493513.2,d,
ESTAT:EDUC_UOE_LANG02$DEFAULTVIEW(1.0),09/04/25 23:00:00,Annual,Total,Number,Corresponding (total) number of students enrolled,Primary and secondary education (levels 1-3),European Union - 27 countries (from 2020),2018,53735733.3,d,
ESTAT:EDUC_UOE_LANG02$DEFAULTVIEW(1.0),09/04/25 23:00:00,Annual,Total,Number,Corresponding (total) number of students enrolled,Primary and secondary education (levels 1-3),European Union - 27 countries (from 2020),2019,53773036.6,d,
ESTAT:EDUC_UOE_LANG02$DEFAULTVIEW(1.0),09/04/25 23:00:00,Annual,Total,Number,Corresponding (total) number of students enrolled,Primary and secondary education (levels 1-3),European Union - 27 countries (from 2020),2020,55970567.2,d,
ESTAT:EDUC_UOE_LANG02$DEFAULTVIEW(1.0),09/04/25 23:00:00,Annual,Total,Number,Corresponding (total) number of students enrolled,Primary and secondary education (levels 1-3),European Union - 27 countries (from 2020),2021,55762979.3,d,
ESTAT:EDUC_UOE_LANG02$DEFAULTVIEW(1.0),09/04/25 23:00:00,Annual,Total,Number,Corresponding (total) number of students enrolled,Primary and secondary education (levels 1-3),European Union - 27 countries (from 2020),2022,55877172.4,d,
ESTAT:EDUC_UOE_LANG02$DEFAULTVIEW(1.0),09/04/25 23:00:00,Annual,Total,Number,Corresponding (total) number of students enrolled,Primary and secondary education (levels 1-3),European Union - 27 countries (from 2020),2023,56184537.6,d,
ESTAT:EDUC_UOE_LANG02$DEFAULTVIEW(1.0),09/04/25 23:00:00,Annual,Total,Number,Corresponding (total) number of students enrolled,Primary and secondary education (levels 1-3),Finland,2014,763628.0,,
ESTAT:EDUC_UOE_LANG02$DEFAULTVIEW(1.0),09/04/25 23:00:00,Annual,Total,Number,Corresponding (total) number of students enrolled,Primary and secondary education (levels 1-3),Finland,2015,760850.0,,
ESTAT:EDUC_UOE_LANG02$DEFAULTVIEW(1.0),09/04/25 23:00:00,Annual,Total,Number,Corresponding (total) number of students enrolled,Primary and secondary education (levels 1-3),Finland,2016,765172.0,,
ESTAT:EDUC_UOE_LANG02$DEFAULTVIEW(1.0),09/04/25 23:00:00,Annual,Total,Number,Corresponding (total) number of students enrolled,Primary and secondary education (levels 1-3),Finland,2017,759425.0,,
ESTAT:EDUC_UOE_LANG02$DEFAULTVIEW(1.0),09/04/25 23:00:00,Annual,Total,Number,Corresponding (total) number of students enrolled,Primary and secondary education (levels 1-3),Finland,2018,761104.0,,
ESTAT:EDUC_UOE_LANG02$DEFAULTVIEW(1.0),09/04/25 23:00:00,Annual,Total,Number,Corresponding (total) number of students enrolled,Primary and secondary education (levels 1-3),Finland,2019,782904.0,,
ESTAT:EDUC_UOE_LANG02$DEFAULTVIEW(1.0),09/04/25 23:00:00,Annual,Total,Number,Corresponding (total) number of students enrolled,Primary and secondary education (levels 1-3),Finland,2020,800304.0,,
ESTAT:EDUC_UOE_LANG02$DEFAULTVIEW(1.0),09/04/25 23:00:00,Annual,Total,Number,Corresponding (total) number of students enrolled,Primary and secondary education (levels 1-3),Finland,2021,821255.0,bd,
ESTAT:EDUC_UOE_LANG02$DEFAULTVIEW(1.0),09/04/25 23:00:00,Annual,Total,Number,Corresponding (total) number of students enrolled,Primary and secondary education (levels 1-3),Finland,2022,825511.0,,
ESTAT:EDUC_UOE_LANG02$DEFAULTVIEW(1.0),09/04/25 23:00:00,Annual,Total,Number,Corresponding (total) number of students enrolled,Primary and secondary education (levels 1-3),Finland,2023,836428.0,,
ESTAT:EDUC_UOE_LANG02$DEFAULTVIEW(1.0),09/04/25 23:00:00,Annual,Total,Number,Corresponding (total) number of students enrolled,Primary and secondary education (levels 1-3),France,2014,8807004.0,,
ESTAT:EDUC_UOE_LANG02$DEFAULTVIEW(1.0),09/04/25 23:00:00,Annual,Total,Number,Corresponding (total) number of students enrolled,Primary and secondary education (levels 1-3),France,2015,8887153.0,,
ESTAT:EDUC_UOE_LANG02$DEFAULTVIEW(1.0),09/04/25 23:00:00,Annual,Total,Number,Corresponding (total) number of students enrolled,Primary and secondary education (levels 1-3),France,2016,8901990.0,,
ESTAT:EDUC_UOE_LANG02$DEFAULTVIEW(1.0),09/04/25 23:00:00,Annual,Total,Number,Corresponding (total) number of students enrolled,Primary and secondary education (levels 1-3),France,2017,9730127.0,,
ESTAT:EDUC_UOE_LANG02$DEFAULTVIEW(1.0),09/04/25 23:00:00,Annual,Total,Number,Corresponding (total) number of students enrolled,Primary and secondary education (levels 1-3),France,2018,9778253.0,,
ESTAT:EDUC_UOE_LANG02$DEFAULTVIEW(1.0),09/04/25 23:00:00,Annual,Total,Number,Corresponding (total) number of students enrolled,Primary and secondary education (levels 1-3),France,2019,9962285.0,,
ESTAT:EDUC_UOE_LANG02$DEFAULTVIEW(1.0),09/04/25 23:00:00,Annual,Total,Number,Corresponding (total) number of students enrolled,Primary and secondary education (levels 1-3),France,2020,9974821.0,,
ESTAT:EDUC_UOE_LANG02$DEFAULTVIEW(1.0),09/04/25 23:00:00,Annual,Total,Number,Corresponding (total) number of students enrolled,Primary and secondary education (levels 1-3),France,2021,9965024.0,,
ESTAT:EDUC_UOE_LANG02$DEFAULTVIEW(1.0),09/04/25 23:00:00,Annual,Total,Number,Corresponding (total) number of students enrolled,Primary and secondary education (levels 1-3),France,2022,9919123.0,,
ESTAT:EDUC_UOE_LANG02$DEFAULTVIEW(1.0),09/04/25 23:00:00,Annual,Total,Number,Corresponding (total) number of students enrolled,Primary and secondary education (levels 1-3),France,2023,9869863.0,bd,
ESTAT:EDUC_UOE_LANG02$DEFAULTVIEW(1.0),09/04/25 23:00:00,Annual,Total,Number,Corresponding (total) number of students enrolled,Primary and secondary education (levels 1-3),Croatia,2014,506434.0,,
ESTAT:EDUC_UOE_LANG02$DEFAULTVIEW(1.0),09/04/25 23:00:00,Annual,Total,Number,Corresponding (total) number of students enrolled,Primary and secondary education (levels 1-3),Croatia,2015,491637.0,,
ESTAT:EDUC_UOE_LANG02$DEFAULTVIEW(1.0),09/04/25 23:00:00,Annual,Total,Number,Corresponding (total) number of students enrolled,Primary and secondary education (levels 1-3),Croatia,2016,486098.0,,
ESTAT:EDUC_UOE_LANG02$DEFAULTVIEW(1.0),09/04/25 23:00:00,Annual,Total,Number,Corresponding (total) number of students enrolled,Primary and secondary education (levels 1-3),Croatia,2017,477676.0,,
ESTAT:EDUC_UOE_LANG02$DEFAULTVIEW(1.0),09/04/25 23:00:00,Annual,Total,Number,Corresponding (total) number of students enrolled,Primary and secondary education (levels 1-3),Croatia,2018,468728.0,,
ESTAT:EDUC_UOE_LANG02$DEFAULTVIEW(1.0),09/04/25 23:00:00,Annual,Total,Number,Corresponding (total) number of students enrolled,Primary and secondary education (levels 1-3),Croatia,2019,461570.0,,
ESTAT:EDUC_UOE_LANG02$DEFAULTVIEW(1.0),09/04/25 23:00:00,Annual,Total,Number,Corresponding (total) number of students enrolled,Primary and secondary education (levels 1-3),Croatia,2020,457198.0,,
ESTAT:EDUC_UOE_LANG02$DEFAULTVIEW(1.0),09/04/25 23:00:00,Annual,Total,Number,Corresponding (total) number of students enrolled,Primary and secondary education (levels 1-3),Croatia,2021,454496.0,,
ESTAT:EDUC_UOE_LANG02$DEFAULTVIEW(1.0),09/04/25 23:00:00,Annual,Total,Number,Corresponding (total) number of students enrolled,Primary and secondary education (levels 1-3),Croatia,2022,451267.0,,
ESTAT:EDUC_UOE_LANG02$DEFAULTVIEW(1.0),09/04/25 23:00:00,Annual,Total,Number,Corresponding (total) number of students enrolled,Primary and secondary education (levels 1-3),Croatia,2023,448221.0,,
ESTAT:EDUC_UOE_LANG02$DEFAULTVIEW(1.0),09/04/25 23:00:00,Annual,Total,Number,Corresponding (total) number of students enrolled,Primary and secondary education (levels 1-3),Hungary,2014,1250827.0,,
ESTAT:EDUC_UOE_LANG02$DEFAULTVIEW(1.0),09/04/25 23:00:00,Annual,Total,Number,Corresponding (total) number of students enrolled,Primary and secondary education (levels 1-3),Hungary,2015,1222175.0,,
ESTAT:EDUC_UOE_LANG02$DEFAULTVIEW(1.0),09/04/25 23:00:00,Annual,Total,Number,Corresponding (total) number of students enrolled,Primary and secondary education (levels 1-3),Hungary,2016,1199790.0,,
ESTAT:EDUC_UOE_LANG02$DEFAULTVIEW(1.0),09/04/25 23:00:00,Annual,Total,Number,Corresponding (total) number of students enrolled,Primary and secondary education (levels 1-3),Hungary,2017,1198675.0,bd,
ESTAT:EDUC_UOE_LANG02$DEFAULTVIEW(1.0),09/04/25 23:00:00,Annual,Total,Number,Corresponding (total) number of students enrolled,Primary and secondary education (levels 1-3),Hungary,2018,1182406.0,bd,
ESTAT:EDUC_UOE_LANG02$DEFAULTVIEW(1.0),09/04/25 23:00:00,Annual,Total,Number,Corresponding (total) number of students enrolled,Primary and secondary education (levels 1-3),Hungary,2019,1167616.0,b,
ESTAT:EDUC_UOE_LANG02$DEFAULTVIEW(1.0),09/04/25 23:00:00,Annual,Total,Number,Corresponding (total) number of students enrolled,Primary and secondary education (levels 1-3),Hungary,2020,1160367.0,bd,
ESTAT:EDUC_UOE_LANG02$DEFAULTVIEW(1.0),09/04/25 23:00:00,Annual,Total,Number,Corresponding (total) number of students enrolled,Primary and secondary education (levels 1-3),Hungary,2021,1151360.0,bd,
ESTAT:EDUC_UOE_LANG02$DEFAULTVIEW(1.0),09/04/25 23:00:00,Annual,Total,Number,Corresponding (total) number of students enrolled,Primary and secondary education (levels 1-3),Hungary,2022,1181310.0,,
ESTAT:EDUC_UOE_LANG02$DEFAULTVIEW(1.0),09/04/25 23:00:00,Annual,Total,Number,Corresponding (total) number of students enrolled,Primary and secondary education (levels 1-3),Hungary,2023,1182707.0,,
ESTAT:EDUC_UOE_LANG02$DEFAULTVIEW(1.0),09/04/25 23:00:00,Annual,Total,Number,Corresponding (total) number of students enrolled,Primary and secondary education (levels 1-3),Iceland,2017,66645.0,,
ESTAT:EDUC_UOE_LANG02$DEFAULTVIEW(1.0),09/04/25 23:00:00,Annual,Total,Number,Corresponding (total) number of students enrolled,Primary and secondary education (levels 1-3),Iceland,2018,67127.0,,
ESTAT:EDUC_UOE_LANG02$DEFAULTVIEW(1.0),09/04/25 23:00:00,Annual,Total,Number,Corresponding (total) number of students enrolled,Primary and secondary education (levels 1-3),Iceland,2019,66904.0,,
ESTAT:EDUC_UOE_LANG02$DEFAULTVIEW(1.0),09/04/25 23:00:00,Annual,Total,Number,Corresponding (total) number of students enrolled,Primary and secondary education (levels 1-3),Italy,2014,7235308.0,,
ESTAT:EDUC_UOE_LANG02$DEFAULTVIEW(1.0),09/04/25 23:00:00,Annual,Total,Number,Corresponding (total) number of students enrolled,Primary and secondary education (levels 1-3),Italy,2015,7462264.0,d,
ESTAT:EDUC_UOE_LANG02$DEFAULTVIEW(1.0),09/04/25 23:00:00,Annual,Total,Number,Corresponding (total) number of students enrolled,Primary and secondary education (levels 1-3),Italy,2016,7421371.0,d,
ESTAT:EDUC_UOE_LANG02$DEFAULTVIEW(1.0),09/04/25 23:00:00,Annual,Total,Number,Corresponding (total) number of students enrolled,Primary and secondary education (levels 1-3),Italy,2017,7467738.0,,
ESTAT:EDUC_UOE_LANG02$DEFAULTVIEW(1.0),09/04/25 23:00:00,Annual,Total,Number,Corresponding (total) number of students enrolled,Primary and secondary education (levels 1-3),Italy,2018,7501201.0,,
ESTAT:EDUC_UOE_LANG02$DEFAULTVIEW(1.0),09/04/25 23:00:00,Annual,Total,Number,Corresponding (total) number of students enrolled,Primary and secondary education (levels 1-3),Italy,2019,7304860.0,,
ESTAT:EDUC_UOE_LANG02$DEFAULTVIEW(1.0),09/04/25 23:00:00,Annual,Total,Number,Corresponding (total) number of students enrolled,Primary and secondary education (levels 1-3),Italy,2020,7394081.0,d,
ESTAT:EDUC_UOE_LANG02$DEFAULTVIEW(1.0),09/04/25 23:00:00,Annual,Total,Number,Corresponding (total) number of students enrolled,Primary and secondary education (levels 1-3),Italy,2021,7155419.0,,
ESTAT:EDUC_UOE_LANG02$DEFAULTVIEW(1.0),09/04/25 23:00:00,Annual,Total,Number,Corresponding (total) number of students enrolled,Primary and secondary education (levels 1-3),Italy,2022,7253528.0,,
ESTAT:EDUC_UOE_LANG02$DEFAULTVIEW(1.0),09/04/25 23:00:00,Annual,Total,Number,Corresponding (total) number of students enrolled,Primary and secondary education (levels 1-3),Italy,2023,7062341.0,d,
ESTAT:EDUC_UOE_LANG02$DEFAULTVIEW(1.0),09/04/25 23:00:00,Annual,Total,Number,Corresponding (total) number of students enrolled,Primary and secondary education (levels 1-3),Liechtenstein,2014,4114.0,,
ESTAT:EDUC_UOE_LANG02$DEFAULTVIEW(1.0),09/04/25 23:00:00,Annual,Total,Number,Corresponding (total) number of students enrolled,Primary and secondary education (levels 1-3),Liechtenstein,2015,4135.0,,
ESTAT:EDUC_UOE_LANG02$DEFAULTVIEW(1.0),09/04/25 23:00:00,Annual,Total,Number,Corresponding (total) number of students enrolled,Primary and secondary education (levels 1-3),Liechtenstein,2016,4032.0,,
ESTAT:EDUC_UOE_LANG02$DEFAULTVIEW(1.0),09/04/25 23:00:00,Annual,Total,Number,Corresponding (total) number of students enrolled,Primary and secondary education (levels 1-3),Liechtenstein,2017,4046.0,,
ESTAT:EDUC_UOE_LANG02$DEFAULTVIEW(1.0),09/04/25 23:00:00,Annual,Total,Number,Corresponding (total) number of students enrolled,Primary and secondary education (levels 1-3),Liechtenstein,2018,4017.0,,
ESTAT:EDUC_UOE_LANG02$DEFAULTVIEW(1.0),09/04/25 23:00:00,Annual,Total,Number,Corresponding (total) number of students enrolled,Primary and secondary education (levels 1-3),Liechtenstein,2019,4000.0,,
ESTAT:EDUC_UOE_LANG02$DEFAULTVIEW(1.0),09/04/25 23:00:00,Annual,Total,Number,Corresponding (total) number of students enrolled,Primary and secondary education (levels 1-3),Liechtenstein,2020,4001.0,,
ESTAT:EDUC_UOE_LANG02$DEFAULTVIEW(1.0),09/04/25 23:00:00,Annual,Total,Number,Corresponding (total) number of students enrolled,Primary and secondary education (levels 1-3),Liechtenstein,2021,4018.0,,
ESTAT:EDUC_UOE_LANG02$DEFAULTVIEW(1.0),09/04/25 23:00:00,Annual,Total,Number,Corresponding (total) number of students enrolled,Primary and secondary education (levels 1-3),Liechtenstein,2022,3992.0,,
ESTAT:EDUC_UOE_LANG02$DEFAULTVIEW(1.0),09/04/25 23:00:00,Annual,Total,Number,Corresponding (total) number of students enrolled,Primary and secondary education (levels 1-3),Lithuania,2014,383079.0,,
ESTAT:EDUC_UOE_LANG02$DEFAULTVIEW(1.0),09/04/25 23:00:00,Annual,Total,Number,Corresponding (total) number of students enrolled,Primary and secondary education (levels 1-3),Lithuania,2015,366481.0,,
ESTAT:EDUC_UOE_LANG02$DEFAULTVIEW(1.0),09/04/25 23:00:00,Annual,Total,Number,Corresponding (total) number of students enrolled,Primary and secondary education (levels 1-3),Lithuania,2016,356148.0,,
ESTAT:EDUC_UOE_LANG02$DEFAULTVIEW(1.0),09/04/25 23:00:00,Annual,Total,Number,Corresponding (total) number of students enrolled,Primary and secondary education (levels 1-3),Lithuania,2017,351642.0,,
ESTAT:EDUC_UOE_LANG02$DEFAULTVIEW(1.0),09/04/25 23:00:00,Annual,Total,Number,Corresponding (total) number of students enrolled,Primary and secondary education (levels 1-3),Lithuania,2018,344460.0,,
ESTAT:EDUC_UOE_LANG02$DEFAULTVIEW(1.0),09/04/25 23:00:00,Annual,Total,Number,Corresponding (total) number of students enrolled,Primary and secondary education (levels 1-3),Lithuania,2019,338948.0,,
ESTAT:EDUC_UOE_LANG02$DEFAULTVIEW(1.0),09/04/25 23:00:00,Annual,Total,Number,Corresponding (total) number of students enrolled,Primary and secondary education (levels 1-3),Lithuania,2020,338238.0,,
ESTAT:EDUC_UOE_LANG02$DEFAULTVIEW(1.0),09/04/25 23:00:00,Annual,Total,Number,Corresponding (total) number of students enrolled,Primary and secondary education (levels 1-3),Lithuania,2021,343577.0,,
ESTAT:EDUC_UOE_LANG02$DEFAULTVIEW(1.0),09/04/25 23:00:00,Annual,Total,Number,Corresponding (total) number of students enrolled,Primary and secondary education (levels 1-3),Lithuania,2022,345864.0,,
ESTAT:EDUC_UOE_LANG02$DEFAULTVIEW(1.0),09/04/25 23:00:00,Annual,Total,Number,Corresponding (total) number of students enrolled,Primary and secondary education (levels 1-3),Lithuania,2023,359094.0,,
ESTAT:EDUC_UOE_LANG02$DEFAULTVIEW(1.0),09/04/25 23:00:00,Annual,Total,Number,Corresponding (total) number of students enrolled,Primary and secondary education (levels 1-3),Luxembourg,2014,70909.0,,
ESTAT:EDUC_UOE_LANG02$DEFAULTVIEW(1.0),09/04/25 23:00:00,Annual,Total,Number,Corresponding (total) number of students enrolled,Primary and secondary education (levels 1-3),Luxembourg,2015,71029.0,,
ESTAT:EDUC_UOE_LANG02$DEFAULTVIEW(1.0),09/04/25 23:00:00,Annual,Total,Number,Corresponding (total) number of students enrolled,Primary and secondary education (levels 1-3),Luxembourg,2016,71591.0,,
ESTAT:EDUC_UOE_LANG02$DEFAULTVIEW(1.0),09/04/25 23:00:00,Annual,Total,Number,Corresponding (total) number of students enrolled,Primary and secondary education (levels 1-3),Luxembourg,2017,72108.0,,
ESTAT:EDUC_UOE_LANG02$DEFAULTVIEW(1.0),09/04/25 23:00:00,Annual,Total,Number,Corresponding (total) number of students enrolled,Primary and secondary education (levels 1-3),Luxembourg,2018,72372.0,,
ESTAT:EDUC_UOE_LANG02$DEFAULTVIEW(1.0),09/04/25 23:00:00,Annual,Total,Number,Corresponding (total) number of students enrolled,Primary and secondary education (levels 1-3),Luxembourg,2019,73415.0,,
ESTAT:EDUC_UOE_LANG02$DEFAULTVIEW(1.0),09/04/25 23:00:00,Annual,Total,Number,Corresponding (total) number of students enrolled,Primary and secondary education (levels 1-3),Luxembourg,2020,78188.0,,
ESTAT:EDUC_UOE_LANG02$DEFAULTVIEW(1.0),09/04/25 23:00:00,Annual,Total,Number,Corresponding (total) number of students enrolled,Primary and secondary education (levels 1-3),Luxembourg,2021,79003.0,,
ESTAT:EDUC_UOE_LANG02$DEFAULTVIEW(1.0),09/04/25 23:00:00,Annual,Total,Number,Corresponding (total) number of students enrolled,Primary and secondary education (levels 1-3),Luxembourg,2022,79534.0,,
ESTAT:EDUC_UOE_LANG02$DEFAULTVIEW(1.0),09/04/25 23:00:00,Annual,Total,Number,Corresponding (total) number of students enrolled,Primary and secondary education (levels 1-3),Luxembourg,2023,83067.0,,
ESTAT:EDUC_UOE_LANG02$DEFAULTVIEW(1.0),09/04/25 23:00:00,Annual,Total,Number,Corresponding (total) number of students enrolled,Primary and secondary education (levels 1-3),Latvia,2014,236240.0,,
ESTAT:EDUC_UOE_LANG02$DEFAULTVIEW(1.0),09/04/25 23:00:00,Annual,Total,Number,Corresponding (total) number of students enrolled,Primary and secondary education (levels 1-3),Latvia,2015,235064.0,,
ESTAT:EDUC_UOE_LANG02$DEFAULTVIEW(1.0),09/04/25 23:00:00,Annual,Total,Number,Corresponding (total) number of students enrolled,Primary and secondary education (levels 1-3),Latvia,2016,236779.0,,
ESTAT:EDUC_UOE_LANG02$DEFAULTVIEW(1.0),09/04/25 23:00:00,Annual,Total,Number,Corresponding (total) number of students enrolled,Primary and secondary education (levels 1-3),Latvia,2017,238866.0,,
ESTAT:EDUC_UOE_LANG02$DEFAULTVIEW(1.0),09/04/25 23:00:00,Annual,Total,Number,Corresponding (total) number of students enrolled,Primary and secondary education (levels 1-3),Latvia,2018,239000.0,,
ESTAT:EDUC_UOE_LANG02$DEFAULTVIEW(1.0),09/04/25 23:00:00,Annual,Total,Number,Corresponding (total) number of students enrolled,Primary and secondary education (levels 1-3),Latvia,2019,238333.0,,
ESTAT:EDUC_UOE_LANG02$DEFAULTVIEW(1.0),09/04/25 23:00:00,Annual,Total,Number,Corresponding (total) number of students enrolled,Primary and secondary education (levels 1-3),Latvia,2020,237494.0,,
ESTAT:EDUC_UOE_LANG02$DEFAULTVIEW(1.0),09/04/25 23:00:00,Annual,Total,Number,Corresponding (total) number of students enrolled,Primary and secondary education (levels 1-3),Latvia,2021,240230.0,,
ESTAT:EDUC_UOE_LANG02$DEFAULTVIEW(1.0),09/04/25 23:00:00,Annual,Total,Number,Corresponding (total) number of students enrolled,Primary and secondary education (levels 1-3),Latvia,2022,242291.0,,
ESTAT:EDUC_UOE_LANG02$DEFAULTVIEW(1.0),09/04/25 23:00:00,Annual,Total,Number,Corresponding (total) number of students enrolled,Primary and secondary education (levels 1-3),Latvia,2023,246348.0,,
ESTAT:EDUC_UOE_LANG02$DEFAULTVIEW(1.0),09/04/25 23:00:00,Annual,Total,Number,Corresponding (total) number of students enrolled,Primary and secondary education (levels 1-3),North Macedonia,2014,277702.0,,
ESTAT:EDUC_UOE_LANG02$DEFAULTVIEW(1.0),09/04/25 23:00:00,Annual,Total,Number,Corresponding (total) number of students enrolled,Primary and secondary education (levels 1-3),North Macedonia,2015,275934.0,,
ESTAT:EDUC_UOE_LANG02$DEFAULTVIEW(1.0),09/04/25 23:00:00,Annual,Total,Number,Corresponding (total) number of students enrolled,Primary and secondary education (levels 1-3),North Macedonia,2016,266287.0,,
ESTAT:EDUC_UOE_LANG02$DEFAULTVIEW(1.0),09/04/25 23:00:00,Annual,Total,Number,Corresponding (total) number of students enrolled,Primary and secondary education (levels 1-3),North Macedonia,2017,269109.0,,
ESTAT:EDUC_UOE_LANG02$DEFAULTVIEW(1.0),09/04/25 23:00:00,Annual,Total,Number,Corresponding (total) number of students enrolled,Primary and secondary education (levels 1-3),North Macedonia,2018,263906.0,,
ESTAT:EDUC_UOE_LANG02$DEFAULTVIEW(1.0),09/04/25 23:00:00,Annual,Total,Number,Corresponding (total) number of students enrolled,Primary and secondary education (levels 1-3),North Macedonia,2019,259752.0,,
ESTAT:EDUC_UOE_LANG02$DEFAULTVIEW(1.0),09/04/25 23:00:00,Annual,Total,Number,Corresponding (total) number of students enrolled,Primary and secondary education (levels 1-3),North Macedonia,2020,257220.0,d,
ESTAT:EDUC_UOE_LANG02$DEFAULTVIEW(1.0),09/04/25 23:00:00,Annual,Total,Number,Corresponding (total) number of students enrolled,Primary and secondary education (levels 1-3),North Macedonia,2021,259366.0,d,
ESTAT:EDUC_UOE_LANG02$DEFAULTVIEW(1.0),09/04/25 23:00:00,Annual,Total,Number,Corresponding (total) number of students enrolled,Primary and secondary education (levels 1-3),North Macedonia,2022,,d,
ESTAT:EDUC_UOE_LANG02$DEFAULTVIEW(1.0),09/04/25 23:00:00,Annual,Total,Number,Corresponding (total) number of students enrolled,Primary and secondary education (levels 1-3),North Macedonia,2023,254326.0,d,
ESTAT:EDUC_UOE_LANG02$DEFAULTVIEW(1.0),09/04/25 23:00:00,Annual,Total,Number,Corresponding (total) number of students enrolled,Primary and secondary education (levels 1-3),Malta,2014,56862.0,,
ESTAT:EDUC_UOE_LANG02$DEFAULTVIEW(1.0),09/04/25 23:00:00,Annual,Total,Number,Corresponding (total) number of students enrolled,Primary and secondary education (levels 1-3),Malta,2015,56807.0,,
ESTAT:EDUC_UOE_LANG02$DEFAULTVIEW(1.0),09/04/25 23:00:00,Annual,Total,Number,Corresponding (total) number of students enrolled,Primary and secondary education (levels 1-3),Malta,2016,56833.0,,
ESTAT:EDUC_UOE_LANG02$DEFAULTVIEW(1.0),09/04/25 23:00:00,Annual,Total,Number,Corresponding (total) number of students enrolled,Primary and secondary education (levels 1-3),Malta,2017,56353.0,,
ESTAT:EDUC_UOE_LANG02$DEFAULTVIEW(1.0),09/04/25 23:00:00,Annual,Total,Number,Corresponding (total) number of students enrolled,Primary and secondary education (levels 1-3),Malta,2018,57249.0,,
ESTAT:EDUC_UOE_LANG02$DEFAULTVIEW(1.0),09/04/25 23:00:00,Annual,Total,Number,Corresponding (total) number of students enrolled,Primary and secondary education (levels 1-3),Malta,2019,57296.8,,
ESTAT:EDUC_UOE_LANG02$DEFAULTVIEW(1.0),09/04/25 23:00:00,Annual,Total,Number,Corresponding (total) number of students enrolled,Primary and secondary education (levels 1-3),Malta,2020,57780.9,,
ESTAT:EDUC_UOE_LANG02$DEFAULTVIEW(1.0),09/04/25 23:00:00,Annual,Total,Number,Corresponding (total) number of students enrolled,Primary and secondary education (levels 1-3),Malta,2021,57999.5,,
ESTAT:EDUC_UOE_LANG02$DEFAULTVIEW(1.0),09/04/25 23:00:00,Annual,Total,Number,Corresponding (total) number of students enrolled,Primary and secondary education (levels 1-3),Malta,2022,58149.9,,
ESTAT:EDUC_UOE_LANG02$DEFAULTVIEW(1.0),09/04/25 23:00:00,Annual,Total,Number,Corresponding (total) number of students enrolled,Primary and secondary education (levels 1-3),Malta,2023,59477.4,,
ESTAT:EDUC_UOE_LANG02$DEFAULTVIEW(1.0),09/04/25 23:00:00,Annual,Total,Number,Corresponding (total) number of students enrolled,Primary and secondary education (levels 1-3),Netherlands,2014,2678442.0,,
ESTAT:EDUC_UOE_LANG02$DEFAULTVIEW(1.0),09/04/25 23:00:00,Annual,Total,Number,Corresponding (total) number of students enrolled,Primary and secondary education (levels 1-3),Netherlands,2015,2621033.0,,
ESTAT:EDUC_UOE_LANG02$DEFAULTVIEW(1.0),09/04/25 23:00:00,Annual,Total,Number,Corresponding (total) number of students enrolled,Primary and secondary education (levels 1-3),Netherlands,2016,2614116.0,,
ESTAT:EDUC_UOE_LANG02$DEFAULTVIEW(1.0),09/04/25 23:00:00,Annual,Total,Number,Corresponding (total) number of students enrolled,Primary and secondary education (levels 1-3),Netherlands,2017,2610651.0,,
ESTAT:EDUC_UOE_LANG02$DEFAULTVIEW(1.0),09/04/25 23:00:00,Annual,Total,Number,Corresponding (total) number of students enrolled,Primary and secondary education (levels 1-3),Netherlands,2020,2567353.0,,
ESTAT:EDUC_UOE_LANG02$DEFAULTVIEW(1.0),09/04/25 23:00:00,Annual,Total,Number,Corresponding (total) number of students enrolled,Primary and secondary education (levels 1-3),Netherlands,2021,2539881.0,,
ESTAT:EDUC_UOE_LANG02$DEFAULTVIEW(1.0),09/04/25 23:00:00,Annual,Total,Number,Corresponding (total) number of students enrolled,Primary and secondary education (levels 1-3),Netherlands,2022,2515924.0,,
ESTAT:EDUC_UOE_LANG02$DEFAULTVIEW(1.0),09/04/25 23:00:00,Annual,Total,Number,Corresponding (total) number of students enrolled,Primary and secondary education (levels 1-3),Netherlands,2023,2507305.0,,
ESTAT:EDUC_UOE_LANG02$DEFAULTVIEW(1.0),09/04/25 23:00:00,Annual,Total,Number,Corresponding (total) number of students enrolled,Primary and secondary education (levels 1-3),Norway,2014,865167.0,,
ESTAT:EDUC_UOE_LANG02$DEFAULTVIEW(1.0),09/04/25 23:00:00,Annual,Total,Number,Corresponding (total) number of students enrolled,Primary and secondary education (levels 1-3),Norway,2015,867937.0,,
ESTAT:EDUC_UOE_LANG02$DEFAULTVIEW(1.0),09/04/25 23:00:00,Annual,Total,Number,Corresponding (total) number of students enrolled,Primary and secondary education (levels 1-3),Norway,2016,875770.0,,
ESTAT:EDUC_UOE_LANG02$DEFAULTVIEW(1.0),09/04/25 23:00:00,Annual,Total,Number,Corresponding (total) number of students enrolled,Primary and secondary education (levels 1-3),Norway,2017,891199.0,,
ESTAT:EDUC_UOE_LANG02$DEFAULTVIEW(1.0),09/04/25 23:00:00,Annual,Total,Number,Corresponding (total) number of students enrolled,Primary and secondary education (levels 1-3),Norway,2018,896685.0,,
ESTAT:EDUC_UOE_LANG02$DEFAULTVIEW(1.0),09/04/25 23:00:00,Annual,Total,Number,Corresponding (total) number of students enrolled,Primary and secondary education (levels 1-3),Norway,2019,902350.0,,
ESTAT:EDUC_UOE_LANG02$DEFAULTVIEW(1.0),09/04/25 23:00:00,Annual,Total,Number,Corresponding (total) number of students enrolled,Primary and secondary education (levels 1-3),Norway,2020,901708.0,,
ESTAT:EDUC_UOE_LANG02$DEFAULTVIEW(1.0),09/04/25 23:00:00,Annual,Total,Number,Corresponding (total) number of students enrolled,Primary and secondary education (levels 1-3),Norway,2021,891440.0,,
ESTAT:EDUC_UOE_LANG02$DEFAULTVIEW(1.0),09/04/25 23:00:00,Annual,Total,Number,Corresponding (total) number of students enrolled,Primary and secondary education (levels 1-3),Norway,2022,892881.0,d,
ESTAT:EDUC_UOE_LANG02$DEFAULTVIEW(1.0),09/04/25 23:00:00,Annual,Total,Number,Corresponding (total) number of students enrolled,Primary and secondary education (levels 1-3),Norway,2023,896764.0,,
ESTAT:EDUC_UOE_LANG02$DEFAULTVIEW(1.0),09/04/25 23:00:00,Annual,Total,Number,Corresponding (total) number of students enrolled,Primary and secondary education (levels 1-3),Poland,2014,4718345.0,,
ESTAT:EDUC_UOE_LANG02$DEFAULTVIEW(1.0),09/04/25 23:00:00,Annual,Total,Number,Corresponding (total) number of students enrolled,Primary and secondary education (levels 1-3),Poland,2015,4779734.0,,
ESTAT:EDUC_UOE_LANG02$DEFAULTVIEW(1.0),09/04/25 23:00:00,Annual,Total,Number,Corresponding (total) number of students enrolled,Primary and secondary education (levels 1-3),Poland,2016,4870462.0,,
ESTAT:EDUC_UOE_LANG02$DEFAULTVIEW(1.0),09/04/25 23:00:00,Annual,Total,Number,Corresponding (total) number of students enrolled,Primary and secondary education (levels 1-3),Poland,2017,4870462.0,,
ESTAT:EDUC_UOE_LANG02$DEFAULTVIEW(1.0),09/04/25 23:00:00,Annual,Total,Number,Corresponding (total) number of students enrolled,Primary and secondary education (levels 1-3),Poland,2018,4595398.0,e,
ESTAT:EDUC_UOE_LANG02$DEFAULTVIEW(1.0),09/04/25 23:00:00,Annual,Total,Number,Corresponding (total) number of students enrolled,Primary and secondary education (levels 1-3),Poland,2019,4602491.0,,
ESTAT:EDUC_UOE_LANG02$DEFAULTVIEW(1.0),09/04/25 23:00:00,Annual,Total,Number,Corresponding (total) number of students enrolled,Primary and secondary education (levels 1-3),Poland,2020,4617110.0,,
ESTAT:EDUC_UOE_LANG02$DEFAULTVIEW(1.0),09/04/25 23:00:00,Annual,Total,Number,Corresponding (total) number of students enrolled,Primary and secondary education (levels 1-3),Poland,2021,4640601.0,,
ESTAT:EDUC_UOE_LANG02$DEFAULTVIEW(1.0),09/04/25 23:00:00,Annual,Total,Number,Corresponding (total) number of students enrolled,Primary and secondary education (levels 1-3),Poland,2022,4678920.0,,
ESTAT:EDUC_UOE_LANG02$DEFAULTVIEW(1.0),09/04/25 23:00:00,Annual,Total,Number,Corresponding (total) number of students enrolled,Primary and secondary education (levels 1-3),Poland,2023,4801640.0,,
ESTAT:EDUC_UOE_LANG02$DEFAULTVIEW(1.0),09/04/25 23:00:00,Annual,Total,Number,Corresponding (total) number of students enrolled,Primary and secondary education (levels 1-3),Portugal,2014,1359711.0,,
ESTAT:EDUC_UOE_LANG02$DEFAULTVIEW(1.0),09/04/25 23:00:00,Annual,Total,Number,Corresponding (total) number of students enrolled,Primary and secondary education (levels 1-3),Portugal,2015,1353590.0,,
ESTAT:EDUC_UOE_LANG02$DEFAULTVIEW(1.0),09/04/25 23:00:00,Annual,Total,Number,Corresponding (total) number of students enrolled,Primary and secondary education (levels 1-3),Portugal,2016,1325160.0,,
ESTAT:EDUC_UOE_LANG02$DEFAULTVIEW(1.0),09/04/25 23:00:00,Annual,Total,Number,Corresponding (total) number of students enrolled,Primary and secondary education (levels 1-3),Portugal,2017,1320776.0,,
ESTAT:EDUC_UOE_LANG02$DEFAULTVIEW(1.0),09/04/25 23:00:00,Annual,Total,Number,Corresponding (total) number of students enrolled,Primary and secondary education (levels 1-3),Portugal,2018,1311587.0,,
ESTAT:EDUC_UOE_LANG02$DEFAULTVIEW(1.0),09/04/25 23:00:00,Annual,Total,Number,Corresponding (total) number of students enrolled,Primary and secondary education (levels 1-3),Portugal,2019,1278390.0,,
ESTAT:EDUC_UOE_LANG02$DEFAULTVIEW(1.0),09/04/25 23:00:00,Annual,Total,Number,Corresponding (total) number of students enrolled,Primary and secondary education (levels 1-3),Portugal,2020,1274042.0,,
ESTAT:EDUC_UOE_LANG02$DEFAULTVIEW(1.0),09/04/25 23:00:00,Annual,Total,Number,Corresponding (total) number of students enrolled,Primary and secondary education (levels 1-3),Portugal,2021,1260045.0,,
ESTAT:EDUC_UOE_LANG02$DEFAULTVIEW(1.0),09/04/25 23:00:00,Annual,Total,Number,Corresponding (total) number of students enrolled,Primary and secondary education (levels 1-3),Portugal,2022,1260045.0,,
ESTAT:EDUC_UOE_LANG02$DEFAULTVIEW(1.0),09/04/25 23:00:00,Annual,Total,Number,Corresponding (total) number of students enrolled,Primary and secondary education (levels 1-3),Portugal,2023,1275196.0,,
ESTAT:EDUC_UOE_LANG02$DEFAULTVIEW(1.0),09/04/25 23:00:00,Annual,Total,Number,Corresponding (total) number of students enrolled,Primary and secondary education (levels 1-3),Romania,2014,2529209.0,,
ESTAT:EDUC_UOE_LANG02$DEFAULTVIEW(1.0),09/04/25 23:00:00,Annual,Total,Number,Corresponding (total) number of students enrolled,Primary and secondary education (levels 1-3),Romania,2015,2492544.0,,
ESTAT:EDUC_UOE_LANG02$DEFAULTVIEW(1.0),09/04/25 23:00:00,Annual,Total,Number,Corresponding (total) number of students enrolled,Primary and secondary education (levels 1-3),Romania,2016,2436964.0,,
ESTAT:EDUC_UOE_LANG02$DEFAULTVIEW(1.0),09/04/25 23:00:00,Annual,Total,Number,Corresponding (total) number of students enrolled,Primary and secondary education (levels 1-3),Romania,2017,2413375.0,,
ESTAT:EDUC_UOE_LANG02$DEFAULTVIEW(1.0),09/04/25 23:00:00,Annual,Total,Number,Corresponding (total) number of students enrolled,Primary and secondary education (levels 1-3),Romania,2018,2388998.0,,
ESTAT:EDUC_UOE_LANG02$DEFAULTVIEW(1.0),09/04/25 23:00:00,Annual,Total,Number,Corresponding (total) number of students enrolled,Primary and secondary education (levels 1-3),Romania,2019,2357262.0,,
ESTAT:EDUC_UOE_LANG02$DEFAULTVIEW(1.0),09/04/25 23:00:00,Annual,Total,Number,Corresponding (total) number of students enrolled,Primary and secondary education (levels 1-3),Romania,2020,2325046.0,,
ESTAT:EDUC_UOE_LANG02$DEFAULTVIEW(1.0),09/04/25 23:00:00,Annual,Total,Number,Corresponding (total) number of students enrolled,Primary and secondary education (levels 1-3),Romania,2021,2303441.0,,
ESTAT:EDUC_UOE_LANG02$DEFAULTVIEW(1.0),09/04/25 23:00:00,Annual,Total,Number,Corresponding (total) number of students enrolled,Primary and secondary education (levels 1-3),Romania,2022,2296401.0,,
ESTAT:EDUC_UOE_LANG02$DEFAULTVIEW(1.0),09/04/25 23:00:00,Annual,Total,Number,Corresponding (total) number of students enrolled,Primary and secondary education (levels 1-3),Romania,2023,2281861.0,,
ESTAT:EDUC_UOE_LANG02$DEFAULTVIEW(1.0),09/04/25 23:00:00,Annual,Total,Number,Corresponding (total) number of students enrolled,Primary and secondary education (levels 1-3),Serbia,2022,757369.0,,
ESTAT:EDUC_UOE_LANG02$DEFAULTVIEW(1.0),09/04/25 23:00:00,Annual,Total,Number,Corresponding (total) number of students enrolled,Primary and secondary education (levels 1-3),Serbia,2023,746289.0,,
ESTAT:EDUC_UOE_LANG02$DEFAULTVIEW(1.0),09/04/25 23:00:00,Annual,Total,Number,Corresponding (total) number of students enrolled,Primary and secondary education (levels 1-3),Sweden,2014,1008221.0,,
ESTAT:EDUC_UOE_LANG02$DEFAULTVIEW(1.0),09/04/25 23:00:00,Annual,Total,Number,Corresponding (total) number of students enrolled,Primary and secondary education (levels 1-3),Sweden,2015,1033499.0,,
ESTAT:EDUC_UOE_LANG02$DEFAULTVIEW(1.0),09/04/25 23:00:00,Annual,Total,Number,Corresponding (total) number of students enrolled,Primary and secondary education (levels 1-3),Sweden,2016,1065858.0,,
ESTAT:EDUC_UOE_LANG02$DEFAULTVIEW(1.0),09/04/25 23:00:00,Annual,Total,Number,Corresponding (total) number of students enrolled,Primary and secondary education (levels 1-3),Sweden,2017,1104646.0,,
ESTAT:EDUC_UOE_LANG02$DEFAULTVIEW(1.0),09/04/25 23:00:00,Annual,Total,Number,Corresponding (total) number of students enrolled,Primary and secondary education (levels 1-3),Sweden,2018,1130162.0,,
ESTAT:EDUC_UOE_LANG02$DEFAULTVIEW(1.0),09/04/25 23:00:00,Annual,Total,Number,Corresponding (total) number of students enrolled,Primary and secondary education (levels 1-3),Sweden,2019,1151796.0,,
ESTAT:EDUC_UOE_LANG02$DEFAULTVIEW(1.0),09/04/25 23:00:00,Annual,Total,Number,Corresponding (total) number of students enrolled,Primary and secondary education (levels 1-3),Sweden,2020,1173113.0,,
ESTAT:EDUC_UOE_LANG02$DEFAULTVIEW(1.0),09/04/25 23:00:00,Annual,Total,Number,Corresponding (total) number of students enrolled,Primary and secondary education (levels 1-3),Sweden,2021,1190793.0,,
ESTAT:EDUC_UOE_LANG02$DEFAULTVIEW(1.0),09/04/25 23:00:00,Annual,Total,Number,Corresponding (total) number of students enrolled,Primary and secondary education (levels 1-3),Sweden,2022,1201425.0,,
ESTAT:EDUC_UOE_LANG02$DEFAULTVIEW(1.0),09/04/25 23:00:00,Annual,Total,Number,Corresponding (total) number of students enrolled,Primary and secondary education (levels 1-3),Sweden,2023,1208281.0,d,
ESTAT:EDUC_UOE_LANG02$DEFAULTVIEW(1.0),09/04/25 23:00:00,Annual,Total,Number,Corresponding (total) number of students enrolled,Primary and secondary education (levels 1-3),Slovenia,2014,254720.0,,
ESTAT:EDUC_UOE_LANG02$DEFAULTVIEW(1.0),09/04/25 23:00:00,Annual,Total,Number,Corresponding (total) number of students enrolled,Primary and secondary education (levels 1-3),Slovenia,2015,256180.0,,
ESTAT:EDUC_UOE_LANG02$DEFAULTVIEW(1.0),09/04/25 23:00:00,Annual,Total,Number,Corresponding (total) number of students enrolled,Primary and secondary education (levels 1-3),Slovenia,2016,265779.0,,
ESTAT:EDUC_UOE_LANG02$DEFAULTVIEW(1.0),09/04/25 23:00:00,Annual,Total,Number,Corresponding (total) number of students enrolled,Primary and secondary education (levels 1-3),Slovenia,2017,271918.0,,
ESTAT:EDUC_UOE_LANG02$DEFAULTVIEW(1.0),09/04/25 23:00:00,Annual,Total,Number,Corresponding (total) number of students enrolled,Primary and secondary education (levels 1-3),Slovenia,2018,274777.0,,
ESTAT:EDUC_UOE_LANG02$DEFAULTVIEW(1.0),09/04/25 23:00:00,Annual,Total,Number,Corresponding (total) number of students enrolled,Primary and secondary education (levels 1-3),Slovenia,2019,279198.0,,
ESTAT:EDUC_UOE_LANG02$DEFAULTVIEW(1.0),09/04/25 23:00:00,Annual,Total,Number,Corresponding (total) number of students enrolled,Primary and secondary education (levels 1-3),Slovenia,2020,278353.0,,
ESTAT:EDUC_UOE_LANG02$DEFAULTVIEW(1.0),09/04/25 23:00:00,Annual,Total,Number,Corresponding (total) number of students enrolled,Primary and secondary education (levels 1-3),Slovenia,2021,283562.0,,
ESTAT:EDUC_UOE_LANG02$DEFAULTVIEW(1.0),09/04/25 23:00:00,Annual,Total,Number,Corresponding (total) number of students enrolled,Primary and secondary education (levels 1-3),Slovenia,2022,287858.0,,
ESTAT:EDUC_UOE_LANG02$DEFAULTVIEW(1.0),09/04/25 23:00:00,Annual,Total,Number,Corresponding (total) number of students enrolled,Primary and secondary education (levels 1-3),Slovenia,2023,293485.0,,
ESTAT:EDUC_UOE_LANG02$DEFAULTVIEW(1.0),09/04/25 23:00:00,Annual,Total,Number,Corresponding (total) number of students enrolled,Primary and secondary education (levels 1-3),Slovakia,2014,646840.0,,
ESTAT:EDUC_UOE_LANG02$DEFAULTVIEW(1.0),09/04/25 23:00:00,Annual,Total,Number,Corresponding (total) number of students enrolled,Primary and secondary education (levels 1-3),Slovakia,2015,639108.0,,
ESTAT:EDUC_UOE_LANG02$DEFAULTVIEW(1.0),09/04/25 23:00:00,Annual,Total,Number,Corresponding (total) number of students enrolled,Primary and secondary education (levels 1-3),Slovakia,2016,635847.0,,
ESTAT:EDUC_UOE_LANG02$DEFAULTVIEW(1.0),09/04/25 23:00:00,Annual,Total,Number,Corresponding (total) number of students enrolled,Primary and secondary education (levels 1-3),Slovakia,2017,636651.0,,
ESTAT:EDUC_UOE_LANG02$DEFAULTVIEW(1.0),09/04/25 23:00:00,Annual,Total,Number,Corresponding (total) number of students enrolled,Primary and secondary education (levels 1-3),Slovakia,2018,641439.0,,
ESTAT:EDUC_UOE_LANG02$DEFAULTVIEW(1.0),09/04/25 23:00:00,Annual,Total,Number,Corresponding (total) number of students enrolled,Primary and secondary education (levels 1-3),Slovakia,2019,643191.0,,
ESTAT:EDUC_UOE_LANG02$DEFAULTVIEW(1.0),09/04/25 23:00:00,Annual,Total,Number,Corresponding (total) number of students enrolled,Primary and secondary education (levels 1-3),Slovakia,2020,643680.0,,
ESTAT:EDUC_UOE_LANG02$DEFAULTVIEW(1.0),09/04/25 23:00:00,Annual,Total,Number,Corresponding (total) number of students enrolled,Primary and secondary education (levels 1-3),Slovakia,2021,647090.0,,
ESTAT:EDUC_UOE_LANG02$DEFAULTVIEW(1.0),09/04/25 23:00:00,Annual,Total,Number,Corresponding (total) number of students enrolled,Primary and secondary education (levels 1-3),Slovakia,2022,655958.0,,
ESTAT:EDUC_UOE_LANG02$DEFAULTVIEW(1.0),09/04/25 23:00:00,Annual,Total,Number,Corresponding (total) number of students enrolled,Primary and secondary education (levels 1-3),Slovakia,2023,676368.0,,
